0001700461,1st stREIT Office Inc.,CA
0001279088,A REIT INC,CA
0001282552,AAMES INVESTMENT CORP,CA
0000899629,ACADIA REALTY TRUST,NY
0001038522,ACCREDITED MORT LN TR MORT LN ASSET BK CERTS SERS 19961-,CA
0001137108,ACCREDITED MORT LOAN TR 2000-1 ASSET BACKED NOT SE 2000-1 TR,MD
0001297178,Accredited Mortgage Loan REIT Trust,CA
0001011109,ACRE REALTY INVESTORS INC,NY
0001395588,"Adaptive Real Estate Income Trust, Inc.",TX
0001440300,"Adfitech, Inc.",OK
0001325445,"ADVISORS REIT I, Inc",KS
0001044695,AEGIS INVESTMENT TRUST,TX
0001043324,AEGIS REALTY INC,NY
0001527378,"AEI Core Property Income Trust, Inc",MN
0001340818,Affordable Residential Communities LP,TX
0001467462,AG Financial Investment Trust Inc,NY
0001514281,"AG Mortgage Investment Trust, Inc.",NY
0001423689,AGNC Investment Corp.,MD
0000917251,AGREE REALTY CORP,MI
0001139565,ALBAUGH CAROL A,MI
0001711744,"Alexander & Baldwin REIT Holdings, Inc.",HI
0001545654,"Alexander & Baldwin, Inc.",HI
0000003499,ALEXANDERS INC,NJ
0001035443,ALEXANDRIA REAL ESTATE EQUITIES INC,CA
0001542693,"Alexandria Real Estate Equities, L.P.",CA
0000887429,ALLIED CAPITAL COMMERCIAL CORP,DC
0000921946,AMBASSADOR APARTMENTS INC,IL
0001037599,AMEN PROPERTIES INC,TX
0001175167,AMERICA FIRST APARTMENT INVESTORS INC,NE
0000776734,AMERICA FIRST TAX EXEMPT MORTGAGE FUND LTD PARTNERSHIP,NE
0001500217,"American Assets Trust, Inc.",CA
0001509570,"American Assets Trust, L.P.",CA
0001283630,AMERICAN CAMPUS COMMUNITIES INC,TX
0001357369,American Campus Communities Operating Partnership LP,TX
0001002931,AMERICAN EQUITY TRUST INC,CA
0001474777,American Farmland Co,NY
0001568162,"American Finance Trust, Inc",NY
0001193558,AMERICAN FINANCIAL REALTY TRUST,PA
0000808240,AMERICAN HEALTH PROPERTIES INC,CO
0001256536,AMERICAN HOME MORTGAGE INVESTMENT CORP,
0001562401,American Homes 4 Rent,CA
0001716558,"American Homes 4 Rent, L.P.",CA
0000778437,AMERICAN INDUSTRIAL PROPERTIES REIT INC,TX
0000804138,AMERICAN LAND LEASE INC,FL
0000878774,AMERICAN MORTGAGE ACCEPTANCE CO,NY
0001609866,"American Realty Capital - Retail Centers of America II, Inc.",NY
0001500554,"AMERICAN REALTY CAPITAL - RETAIL CENTERS OF AMERICA, INC.",NY
0001501745,"American Realty Capital Daily Net Asset Value Trust, Inc.",NY
0001609865,"American Realty Capital Global Trust II, Inc.",NY
0001609234,"American Realty Capital Healthcare Trust III, Inc.",NY
0001499875,AMERICAN REALTY CAPITAL HEALTHCARE TRUST INC,NY
0001614540,"American Realty Capital New York City REIT II, Inc.",NY
0001503828,"American Realty Capital Trust III, Inc.",NY
0001548981,"American Residential Properties, Inc.",AZ
0001121783,AMERICAN SPECTRUM REALTY INC,TX
0001053507,AMERICAN TOWER CORP /MA/,MA
0001521952,"American Tower REIT, Inc.",MA
0000356959,AMERICANA HOTELS & REALTY CORP,MA
0001455863,AMERICOLD REALTY TRUST,GA
0000914724,AMLI RESIDENTIAL PROPERTIES TRUST,IL
0001035744,"AmNet Mortgage, Inc.",CA
0000913957,AMREIT,TX
0001330466,AmREIT Monthly Income & Growth Fund III Ltd,TX
0001382787,AmREIT Monthly Income & Growth Fund IV LP,TX
0001397807,"AmREIT, Inc.",TX
0001054337,AMRESCO CAPITAL TRUST,TX
0000927102,AMV LIQUIDATING TRUST,CO
0001073009,ANDERSON DOUGLAS E,NC
0001059722,ANDERSON TULLY CO,TN
0000840997,ANGELES MORTGAGE INVESTMENT TRUST,CA
0001043219,ANNALY CAPITAL MANAGEMENT INC,NY
0001050112,ANTHRACITE CAPITAL INC,NY
0001047884,ANWORTH MORTGAGE ASSET CORP,CA
0000922864,APARTMENT INVESTMENT & MANAGEMENT CO,CO
0001504557,"Apartment Trust of America Holdings, LP",VA
0001045956,APEX MORTGAGE CAPITAL INC,CA
0001467760,"Apollo Commercial Real Estate Finance, Inc.",NY
0001515980,"Apollo Residential Mortgage, Inc.",NY
0001191813,APPLE HOSPITALITY FIVE INC,VA
0001418121,"Apple Hospitality REIT, Inc.",VA
0001132747,APPLE HOSPITALITY TWO INC,VA
0001387361,"Apple REIT Eight, Inc.",VA
0001329011,"Apple REIT Seven, Inc.",VA
0001277151,APPLE REIT SIX INC,VA
0001498864,"Apple REIT Ten, Inc.",VA
0001021351,APPLE RESIDENTIAL INCOME TRUST INC,VA
0001084681,APPLE SUITES INC,VA
0001514909,Arbolada Capital Management Co,CA
0001253986,ARBOR REALTY TRUST INC,NY
0001503109,"ARC - Northcliffe Income Properties, Inc.",NY
0001230358,ARC CORPORATE REALTY TRUST INC,NJ
0000080737,ARCHSTONE,CO
0001156826,ARCHSTONE SMITH TRUST,CO
0001013794,ARDEN REALTY INC,CA
0001529377,Ares Commercial Real Estate Corp,NY
0001209028,Arlington Asset Investment Corp.,VA
0001428205,"Armour Residential REIT, Inc.",FL
0001232582,ASHFORD HOSPITALITY TRUST INC,TX
0001694997,"Aspen Digital, Inc.",NY
0001701182,"Aspen Mortgage Income Fund II, LLC",MO
0000817383,ASR INVESTMENTS CORP,AZ
0000911635,ASSOCIATED ESTATES REALTY CORP,OH
0001630940,Atlantic Alliance Partnership Corp.,NY
0000948975,ATLANTIC REALTY TRUST,NY
0000911536,AVALON PROPERTIES INC,CT
0000915912,AVALONBAY COMMUNITIES INC,VA
0001519120,Aviv Healthcare Properties L.P.,IL
0001438236,"Aviv REIT, Inc.",IL
0001499686,"AVIV REIT, INC.",IL
0000749882,BANYAN SHORT TERM INCOME TRUST,IL
0001464487,"BAYVIEW MORTGAGE CAPITAL, INC.",FL
0001063893,BEACON CAPITAL PARTNERS INC,MA
0000920114,BEACON PROPERTIES CORP,MA
0000757448,BEDFORD PROPERTY INVESTORS INC/,CA
0000910079,BEDFORD PROPERTY INVESTORS INC/MD,
0001308711,"Behringer Harvard Opportunity REIT I, Inc.",TX
0001200751,BELL SAMUEL P,CA
0001086670,BELLAVISTA CAPITAL INC,CA
0001749817,"Belpointe REIT, Inc.",CT
0001326895,Belvedere Trust Mortgage CORP,CA
0001056683,BENDER THOMAS B,GA
0001562528,"Benefit Street Partners Realty Trust, Inc.",NY
0001055853,BERGER MARTIN S,
0001267414,"Berkeley Income Trust, Inc.",CA
0001330864,"Berkeley Income Trust, Inc.",CA
0000869446,BERKSHIRE REALTY CO INC /DE,MA
0001020943,BIGGS MICHAEL W,TX
0001275477,"BIMINI CAPITAL MANAGEMENT, INC.",FL
0001289236,BioMed Realty Trust Inc,CA
0001327978,Black Creek Diversified Property Fund Inc.,CO
0001625941,BLACK CREEK INDUSTRIAL REIT IV Inc.,CO
0001061630,"BLACKSTONE MORTGAGE TRUST, INC.",NY
0001662972,"Blackstone Real Estate Income Trust, Inc.",NY
0001442626,"Bluerock Residential Growth REIT, Inc.",NY
0000812150,BNP RESIDENTIAL PROPERTIES INC,NC
0001073011,BODDIE B MAYO,
0001260793,BOSTON CAPITAL REAL ESTATE INVESTMENT TRUST INC,
0001037540,BOSTON PROPERTIES INC,MA
0001043121,BOSTON PROPERTIES LTD PARTNERSHIP,MA
0001015859,BOYKIN LODGING CO,OH
0000805730,BPP LIQUIDATING TRUST,CA
0001039189,BRADLEY OPERATING L P,IL
0000013777,BRADLEY REAL ESTATE INC,IL
0001574085,Braemar Hotels & Resorts Inc.,TX
0001060386,"BRANDYWINE OPERATING PARTNERSHIP, L.P.",PA
0000790816,BRANDYWINE REALTY TRUST,PA
0000913762,BRAUVIN NET LEASE V INC,IL
0000009677,BRE PROPERTIES INC,CA
0001011174,BRE PROPERTIES INC /MD/,CA
0001566445,BRE Select Hotels Corp,NY
0001562620,BRIDGEWELL INCOME TRUST LLC,FL
0001723028,"BRIX REIT, Inc.",CA
0001630031,Brixmor Operating Partnership LP,NY
0001581068,Brixmor Property Group Inc.,NY
0001424182,"Broadstone Net Lease, Inc.",NY
0001537063,Brookfield Canada Office Properties,A6
0001575311,Brookfield DTLA Fund Office Trust Investor Inc.,NY
0001496048,Brookfield Property REIT Inc.,IL
0001470643,Brookfield Realty Capital Corp,NY
0001057230,BROOKS WILLIAM C,TX
0001676398,BRT Apartment Corp.,NY
0000014846,BRT Apartments Corp.,NY
0001073016,BRUNO PAMELA B,NC
0000790817,BSRT LIQUIDATING TRUST,IL
0000015019,BTR REALTY INC,MD
0001047696,CABOT INDUSTRIAL TRUST,MA
0001174891,"CalEthos, Inc.",TX
0000874500,CALIFORNIA PROPERTIES FUND,CA
0001478371,"Callahan Capital Properties, Inc.",IL
0000906345,CAMDEN PROPERTY TRUST,TX
0001020941,CAMPO RICHARD J,
0001049316,CAPITAL AUTOMOTIVE REIT,VA
0001287073,CAPITAL LODGING,TX
0000354521,CAPITAL REALTY INVESTORS LTD,MD
0000016387,CAPITAL TRUST,NY
0001438355,CapitalSource Healthcare REIT,CA
0001406982,Capitol Acquisition Corp,MN
0001057689,"CapLease, Inc.",NY
0001687237,"CapRocq Core REIT, Inc.",AR
0001551767,"CapSource Fund I, LP",NV
0000766701,CAPSTEAD MORTGAGE CORP,TX
0000921767,CAPSTONE CAPITAL CORP,AL
0001045281,CAPTEC NET LEASE REALTY INC,MI
0001639947,"Care Capital Properties, Inc.",IL
0001683867,"Care Capital Properties, LP",IL
0001590717,"CareTrust REIT, Inc.",CA
0000873394,CAREY INSTITUTIONAL PROPERTIES INC /MD/,NY
0001609471,Carey Watermark Investors 2 Inc,NY
0000893577,CARRAMERICA REALTY CORP,DC
0001284410,CARRAMERICA REALTY OPERATING PARTNERSHIP LP,
0001567925,"Carter Validus Mission Critical REIT II, Inc.",FL
0001482974,"Carter Validus Mission Critical REIT, Inc.",FL
0001341141,"CatchMark Timber Trust, Inc.",GA
0001228862,CATELLUS DEVELOPMENT CORP,CA
0000915140,CBL & ASSOCIATES LIMITED PARTNERSHIP,TN
0000910612,CBL & ASSOCIATES PROPERTIES INC,TN
0001037114,CCA PRISON REALTY TRUST,TN
0000761648,"CEDAR REALTY TRUST, INC.",NY
0000736980,CENTENNIAL MORTGAGE INCOME FUND,CA
0000913292,CENTER TRUST INC,CA
0000912893,CENTERPOINT PROPERTIES TRUST,IL
0000786714,CENTRAL REALTY INVESTORS INC,FL
0000798288,Centro NP LLC,NY
0001158265,CENTRO SATURN MERGERSUB LLC.,PA
0000018914,CENTURY REALTY TRUST,IN
0001562457,"CERBERUS MORTGAGE CAPITAL, INC.",NY
0001209709,CERES TACTICAL SYSTEMATIC L.P.,NY
0001051491,CHASTAIN CAPITAL CORP,GA
0000912393,CHATEAU COMMUNITIES INC,CO
0001476045,Chatham Lodging Trust,FL
0000911215,CHELSEA PROPERTY GROUP INC,NJ
0001571776,Cherry Hill Mortgage Investment Corp,NJ
0001473078,Chesapeake Lodging Trust,VA
0000774658,CHICAGO DOCK & CANAL TRUST,IL
0001409493,CHIMERA INVESTMENT CORP,NY
0001073012,CHRYSSON PAUL G,NC
0000908311,CIM Commercial Trust Corp,TX
0001498542,"CIM INCOME NAV, INC.",AZ
0001593222,"City Office REIT, Inc.",A1
0001056880,CLARION COMMERCIAL HOLDINGS INC,NY
0001476886,Clarion Partners Property Trust Inc.,NY
0001490985,"Clearview Hotel Trust, Inc.",CA
0000020975,CLEVETRUST REALTY INVESTORS,OH
0000020199,CLI Capital,TX
0001649096,Clipper Realty Inc.,NY
0001451319,"CM REIT, Inc.",NV
0001452168,"CNL Growth Properties, Inc.",FL
0001648383,"CNL Healthcare Properties II, Inc.",FL
0001496454,"CNL Healthcare Properties, Inc.",FL
0001261159,CNL LIFESTYLE PROPERTIES INC,FL
0001055264,CNL RETIREMENT PROPERTIES INC,FL
0001289272,Cole Credit Property Trust Inc,AZ
0001498547,"COLE CREDIT PROPERTY TRUST IV, INC.",AZ
0001580988,"Cole Credit Property Trust V, Inc.",AZ
0001572758,"Cole Office & Industrial REIT (CCIT II), Inc.",AZ
0001614976,"Cole Office & Industrial REIT (CCIT III), Inc.",AZ
0001425923,"Cole Real Estate Investments, Inc.",AZ
0000909111,COLONIAL PROPERTIES TRUST,AL
0001013844,COLONIAL REALTY LIMITED PARTNERSHIP,AL
0001564515,"Colony American Homes, Inc.",CA
0001467076,"Colony Capital, Inc.",CA
0001679688,"Colony Capital, Inc.",CA
0001717547,"Colony Credit Real Estate, Inc.",CA
0001316710,"Columbia Equity Trust, Inc.",DC
0000701286,COLUMBIA FUTURES FUND,NY
0001525703,"COLUMBIA PROPERTY TRUST OPERATING PARTNERSHIP, L.P.",GA
0001252849,"COLUMBIA PROPERTY TRUST, INC.",GA
0000779608,COLUMBIA REAL ESTATE INVESTMENTS INC,MD
0000913602,COLUMBUS REALTY TRUST,TX
0000910675,COMMERCIAL ASSETS INC,CO
0000810387,COMMONWEALTH GROWTH FUND II,CA
0001631569,Community Healthcare Trust Inc,TN
0000929545,"CONDOR HOSPITALITY TRUST, INC.",MD
0000719184,CONSOLIDATED CAPITAL INSTITUTIONAL PROPERTIES 2,SC
0000768890,CONSOLIDATED CAPITAL INSTITUTIONAL PROPERTIES 3,SC
0000317331,CONSOLIDATED CAPITAL PROPERTIES III,SC
0000355804,CONSOLIDATED CAPITAL PROPERTIES IV,CO
0000725614,CONSOLIDATED CAPITAL PROPERTIES V,SC
0000319416,CONTINENTAL MORTGAGE & EQUITY TRUST,TX
0001038901,COOPER WILLIAM A,
0000769017,COPLEY PROPERTIES INC,MA
0001070985,"CoreCivic, Inc.",TN
0001347652,"CorEnergy Infrastructure Trust, Inc.",MO
0001707178,CorePoint Lodging Inc.,TX
0001490892,CoreSite Realty Corp,CO
0001180944,CORNERSTONE INCOME FUND INC,WA
0000854875,CORNERSTONE REALTY INCOME TRUST INC,VA
0000860546,CORPORATE OFFICE PROPERTIES TRUST,MD
0001577966,"Corporate Office Properties, L.P.",MD
0000912046,CORPORATE PROPERTY ASSOCIATES 12 INC,NY
0001041326,CORPORATE PROPERTY ASSOCIATES 14 INC,NY
0001138301,CORPORATE PROPERTY ASSOCIATES 15 INC,NY
0001390213,Corporate Property Associates 17 - Global INC,NY
0001558235,CORPORATE PROPERTY ASSOCIATES 18 GLOBAL INC,NY
0001672895,CORPORATE PROPERTY ASSOCIATES 19 - GLOBAL Inc,NY
0000853075,CORPORATE REALTY INCOME TRUST I,NY
0001692951,"Cottonwood Communities, Inc.",UT
0001680657,"Cottonwood Multifamily Opportunity Fund, Inc.",UT
0001646910,"COTTONWOOD MULTIFAMILY REIT I, INC.",UT
0001677881,"COTTONWOOD MULTIFAMILY REIT II, INC.",UT
0000025232,COUSINS PROPERTIES INC,GA
0001369750,CPA:14 Holdings Inc.,NY
0001002235,CPG PARTNERS LP,NJ
0001035426,CRESCENT OPERATING INC,TX
0000918958,CRESCENT REAL ESTATE EQUITIES CO,TX
0001467027,CreXus Investment Corp.,NY
0000850143,CRI LIQUIDATING REIT INC,MD
0000847322,CRIIMI MAE INC,MD
0000893181,CROCKER REALTY INVESTORS INC,FL
0000905134,CROWN AMERICAN REALTY TRUST,PA
0001051470,CROWN CASTLE INTERNATIONAL CORP,TX
0001609942,Crown Castle REIT Inc.,TX
0000835664,CRT PROPERTIES INC,FL
0001344705,"Crystal River Capital, Inc.",NY
0001298675,CubeSmart,PA
0001300485,"CubeSmart, L.P.",PA
0001330969,"CV HOLDINGS, INC.",CA
0000018934,CV REIT INC,FL
0001439083,CWCapital Realty Trust Inc.,NY
0001553023,CyrusOne Inc.,TX
0001575810,CyrusOne LP,TX
0001396446,"CYS Investments, Inc.",MA
0001036263,D&N CAPITAL CORP,MI
0001074922,DAKOTA REAL ESTATE INVESTMENT TRUST,ND
0001289842,DASCO Medical Properties Trust,FL
0001020944,DAWSON G STEVEN,
0001604042,DCT Industrial Operating Partnership LP,CO
0001170991,DCT Industrial Trust Inc.,CO
0000716933,DELCOTT COMMODITY PARTNERS,TN
0001223667,DELPHI PROPERTIES INC,MI
0000028238,DERAND REAL ESTATE INVESTMENT TRUST,NY
0001274055,DESERT CAPITAL REIT INC,NV
0001750695,"DF Growth REIT, LLC",CA
0001298946,DiamondRock Hospitality Co,MD
0001297996,"DIGITAL REALTY TRUST, INC.",CA
0000923660,DIVERSIFIED MULTI-ADVISOR FUTURES FUND L.P. II,NY
0001488546,"DLC Realty Trust, Inc.",
0001364250,Douglas Emmett Inc,CA
0001175483,Drive Shack Inc.,NY
0000783280,DUKE REALTY CORP,IN
0001418175,DuPont Fabros Technology LP,DC
0000215639,DVL INC /DE/,NY
0000826675,DYNEX CAPITAL INC,VA
0001289169,"Eagle Hospitality Properties Trust, Inc.",KY
0001622194,"Easterly Government Properties, Inc.",DC
0001021422,"EASTERN LIGHT CAPITAL, INC.",CA
0000049600,EASTGROUP PROPERTIES INC,MS
0001059926,EBS BUILDING LLC,MO
0001300317,ECC Capital CORP,CA
0001499043,"ECM Realty Trust, Inc.",IL
0001302343,"Education Realty Trust, Inc.",TN
0001043236,ELDERTRUST,KY
0001174175,ElderTrust Operating Limited Partnership,KY
0001567714,Ellington Housing Inc.,CT
0001560672,Ellington Residential Mortgage REIT,CT
0001553079,"Empire State Realty OP, L.P.",NY
0001541401,"Empire State Realty Trust, Inc.",NY
0001406391,Enterprise Acquisition Corp.,FL
0001498366,Eola Property Trust,FL
0001043866,EOP OPERATING LTD PARTNERSHIP,IL
0001045450,EPR PROPERTIES,MO
0001561492,"EPT South Barrington, Inc.",MO
0000755926,EQK REALTY INVESTORS I,GA
0001101239,EQUINIX INC,CA
0001565237,EquiTrust USA,GA
0000803649,Equity Commonwealth,IL
0001166217,EQUITY FOCUS TRUSTS REIT PORTFOLIO SERIES 2002-A,NY
0000895417,EQUITY LIFESTYLE PROPERTIES INC,IL
0001038339,EQUITY OFFICE PROPERTIES TRUST,IL
0001042810,"EQUITY ONE, INC.",FL
0000906107,EQUITY RESIDENTIAL,IL
0000931182,ERP OPERATING LTD PARTNERSHIP,IL
0001728951,"ESSENTIAL PROPERTIES REALTY TRUST, INC.",NJ
0001053059,ESSEX PORTFOLIO LP,CA
0000920522,"ESSEX PROPERTY TRUST, INC.",CA
0001575438,"ETRE REIT, LLC",NY
0001642382,"ETRE Residential, LLC",NY
0000925267,EVANS WITHYCOMBE RESIDENTIAL INC,AZ
0001332551,Exantas Capital Corp.,NY
0001478950,"Excel Trust, Inc.",CA
0001012881,EXTENDICARE REAL ESTATE INVESTMENT TRUST,A6
0001289490,Extra Space Storage Inc.,UT
0001591670,Farmland Partners Inc.,CO
0001073208,FBR ASSET INVESTMENT CORP/VA,VA
0000034903,FEDERAL REALTY INVESTMENT TRUST,MD
0001048792,FELCOR EIGHT HOTELS LLC,TX
0001048789,FelCor Lodging LP,TX
0000923603,FelCor Lodging Trust Inc,TX
0001048793,FELCOR/CSS HOLDINGS LP,TX
0001048790,FELCOR/CSS HOTELS LLC,TX
0001048795,FELCOR/LAX HOLDINGS LP,TX
0001048791,FELCOR/LAX HOTELS LLC,TX
0001048794,FELCOR/ST PAUL HOLDINGS LP,TX
0001032462,"FF-TSY Holding CO II, LLC",FL
0001050892,FFP REAL ESTATE TRUST,TX
0001286320,FIDELITY DIVIDEND CAPITAL INC,
0001368075,Fidelity Property Income Trust,MA
0001271831,FIELDSTONE INVESTMENT CORP,MD
0001169635,FIRST AMERICAN STRATEGIC REAL ESTATE PORTFOLIO INC,MN
0001536256,First Capital Real Estate Trust Inc,NY
0000755200,FIRST COMMONWEALTH MORTGAGE TRUST,TX
0000726516,FIRST EQUITY PROPERTIES INC,TX
0001033128,FIRST INDUSTRIAL LP,IL
0000921825,FIRST INDUSTRIAL REALTY TRUST INC,IL
0001254595,FIRST POTOMAC REALTY TRUST,MD
0000036840,FIRST REAL ESTATE INVESTMENT TRUST OF NEW JERSEY,NJ
0001143834,FIRST REPUBLIC PREFERRED CAPITAL CORP,CA
0000926861,FIRST WASHINGTON REALTY TRUST INC,MD
0001011317,FLORDECO LTD,FL
0001647509,"Forest City Realty Trust, Inc.",OH
0001169879,FORSYTH CAPITAL MORTGAGE CORP,NC
0001237538,FOUNDATION CAPITAL PARTNER I LLLP,MS
0001237540,FOUNDATION CAPITAL PARTNER II LLLP,MS
0001126506,FOUNDATION CAPITAL RESOURCES INC,MS
0001650132,"Four Corners Property Trust, Inc.",CA
0000884180,FOUR SEASONS FUND II L P,VA
0001558536,Four Springs Capital Trust,NJ
0001466863,Foursquare Capital Corp,NY
0000908527,FRANCHISE FINANCE CORP OF AMERICA,AZ
0000866456,FRANKLIN ADVANTAGE REAL ESTATE INCOME FUND,CA
0000845613,FRANKLIN SELECT REALTY TRUST,CA
0001031316,FRANKLIN STREET PROPERTIES CORP /MA/,MA
0001502923,"Free & Clear Equity, Inc.",
0001000181,FREMONT FUND LTD PARTNERSHIP,IN
0001690536,"FS Credit Real Estate Income Trust, Inc.",PA
0001379075,FSP 50 South Tenth Street Corp,MA
0001310157,FSP GALLERIA NORTH CORP,MA
0001492459,FundCore Institutional Income Trust Inc.,NY
0001660918,"Fundrise East Coast Opportunistic REIT, LLC",DC
0001648956,"Fundrise Equity REIT, LLC",DC
0001768726,"Fundrise Growth eREIT 2019, LLC",DC
0001661000,"Fundrise Growth eREIT II, LLC",DC
0001758744,"Fundrise Growth eREIT III, LLC",DC
0001768760,"Fundrise Income eREIT 2019, LLC",DC
0001660998,"Fundrise Income eREIT II, LLC",DC
0001758745,"Fundrise Income eREIT III, LLC",DC
0001661023,"Fundrise Midland Opportunistic REIT, LLC",DC
0001645583,"FUNDRISE REAL ESTATE INVESTMENT TRUST, LLC",DC
0001660919,"Fundrise West Coast Opportunistic REIT, LLC",DC
0000277807,FUTURE FUND,IL
0000799824,FUTURES EXPANSION FUND LTD PARTNERSHIP,NY
0001164246,G REIT Liquidating Trust,CA
0000912240,G&L REALTY CORP,CA
0001039797,GABLES REALTY LIMITED PARTNERSHIP,GA
0000913782,GABLES RESIDENTIAL TRUST,GA
0001684971,"Gadsden Growth Properties, Inc.",AZ
0001429292,Galiot Capital CORP,NY
0001575965,"Gaming & Leisure Properties, Inc.",PA
0001087395,GANTCHER NATHAN,
0001157614,GEN-NET LEASE INCOME TRUST INC,MI
0000040626,GENERAL GROWTH PROPERTIES,IA
0001651721,"GENERATION INCOME PROPERTIES, INC.",FL
0000923796,GEO GROUP INC,FL
0001591188,"GEO Group REIT, Inc.",FL
0000895648,"GGP, Inc. (fka General Growth Properties Inc. & predecessor to General Growth Properties, Inc.)",IL
0001073018,GILLEY W MICHAEL,
0001544493,Ginkgo Residential Trust Inc.,NC
0001495240,GLADSTONE LAND Corp,VA
0000912898,GLIMCHER REALTY TRUST,OH
0000727346,"GLOBAL HEALTHCARE REIT, INC.",CO
0001459241,"Global Income Trust, Inc.",FL
0001533615,Global Medical REIT Inc.,MD
0001526113,"Global Net Lease, Inc.",NY
0001031235,"Global Self Storage, Inc.",NY
0001278382,GLOBAL SIGNAL INC,FL
0001610075,"GLP Capital, L.P.",PA
0001610074,"GLP Financing II, Inc.",PA
0001055781,GOODRICH JAMES M,GA
0001055779,GOODRICH PENELOPE H,GA
0001119191,GOODWIN DANIEL L,
0001266112,GOVERNMENT PROPERTIES TRUST INC,NE
0001708204,GPT Operating Partnership LP,NY
0001297587,Gramercy Property Trust,NY
0001287701,Gramercy Property Trust Inc.,NY
0001552867,"Granite Hotel Properties, Inc.",TN
0001703644,Granite Point Mortgage Trust Inc.,NY
0001564538,GRANITE REAL ESTATE INVESTMENT TRUST,A6
0001564540,GRANITE REIT INC.,A6
0001614806,Great Ajax Corp.,OR
0001063393,GREAT LAKES REIT,IL
0001417321,"Green Realty Trust, Inc.",IL
0001056682,GREENBLATT PHIL D,GA
0001600626,"Griffin Capital Essential Asset REIT II, Inc.",
0001456016,"Griffin Capital Essential Asset REIT, Inc.",CA
0001455271,"Griffin-American Healthcare REIT II, Inc.",CA
0001566912,"Griffin-American Healthcare REIT III, Inc.",CA
0001632970,"Griffin-American Healthcare REIT IV, Inc.",CA
0000920776,GROVE PROPERTY TRUST,CT
0000812188,GROWTH & GUARANTEE FUND L P,NY
0000763977,GRUBB & ELLIS REALTY INCOME TRUST LIQUIDATING TRUST,CA
0001051610,GRUSS MARTIN D,
0001334914,GSC CAPITAL CORP,NJ
0001368757,"GTJ REIT, INC.",NY
0001478724,"Halvern Realty, Inc.",CA
0001645698,"Hamilton National Income Trust, Inc.",NJ
0001561894,"Hannon Armstrong Sustainable Infrastructure Capital, Inc.",MD
0001732217,"HappyNest REIT, Inc.",MD
0001046788,HARRIS PREFERRED CAPITAL CORP,IL
0001654948,"Hartman vREIT XXI, Inc.",TX
0001419521,Hatteras Financial Corp,NC
0001670010,"HC Government Realty Trust, Inc.",NC
0000765880,"HCP, INC.",CA
0000822415,HEALTH EQUITY PROPERTIES INC,NC
0001058214,HEALTHCARE FINANCIAL PARTNERS REIT INC,MD
0000899749,HEALTHCARE REALTY TRUST INC,TN
0001495491,"Healthcare Trust of America Holdings, LP",AZ
0001360604,"HEALTHCARE TRUST OF AMERICA, INC.",AZ
0001561032,"Healthcare Trust, Inc.",NY
0001057210,HERMANS JOSEF C,TX
0001063344,HERSHA HOSPITALITY TRUST,PA
0001764825,"Hertz Group Realty Trust, Inc.",CA
0001262415,HIGHLAND HOSPITALITY CORP,VA
0001661458,"Highlands REIT, Inc.",IL
0000921082,HIGHWOODS PROPERTIES INC,NC
0001585101,"HINES GLOBAL INCOME TRUST, INC.",TX
0001453818,"Hines Global REIT, Inc.",TX
0001262959,HINES REAL ESTATE INVESTMENT TRUST INC,TX
0001020945,HINTON JAMES M,
0001113178,HIRSCH INVESTMENTS LLC,GA
0000311817,HMG COURTLAND PROPERTIES INC,FL
0000900340,HOLLY RESIDENTIAL PROPERTIES INC,WA
0000923118,HOME PROPERTIES INC,NY
0001283683,HOMEBANC CORP,GA
0000911645,HORIZON GROUP INC,MI
0001060744,HORIZON GROUP PROPERTIES INC,IL
0001583077,"Hospitality Investors Trust, Inc.",NY
0000945394,HOSPITALITY PROPERTIES TRUST,MA
0000945980,HOST FUNDING INC,CA
0001070750,"HOST HOTELS & RESORTS, INC.",MD
0001498828,Howard Hughes Corp,TX
0001020948,HRDLICKA GEORGE A,TX
0000048896,HRE PROPERTIES,CT
0001052737,HUGHES JAMES W,NJ
0001547546,"Hunt Companies Finance Trust, Inc.",NY
0001140657,HUNTINGTON PREFERRED CAPITAL INC,OH
0000812818,HUTTON INVESTORS FUTURES FUND L P II,NY
0001048922,IAC CAPITAL TRUST,CA
0000813831,IDS MANAGED FUTURES II L P,IL
0000809061,IDS MANAGED FUTURES L P,IL
0000932091,ILM I LEASE CORP,VA
0000932092,ILM II LEASE CORP,VA
0000861880,ILM II SENIOR LIVING INC /VA,VA
0000847414,ILM SENIOR LIVING INC /VA,VA
0001036615,IMPAC COMMERCIAL HOLDINGS INC,NY
0001000298,IMPAC MORTGAGE HOLDINGS INC,CA
0001683617,"Impact Housing REIT, LLC",CA
0001042824,IMPERIAL CREDIT COMMERCIAL MORTGAGE INVESTMENT CORP,CA
0000949961,INCOME OPPORTUNITY REALTY INVESTORS INC /TX/,TX
0000760730,INCOME OPPORTUNITY REALTY TRUST,TX
0001534521,"Independence Mortgage Trust, Inc.",PA
0001466085,"INDEPENDENCE REALTY TRUST, INC.",PA
0001717307,Industrial Logistics Properties Trust,MA
0001558441,INDUSTRIAL PROPERTY TRUST INC.,CO
0001506401,"InfraREIT, Inc.",TX
0001438897,"Inland Diversified Real Estate Trust, Inc.",IL
0001119187,INLAND PROPERTY MANGEMENT GROUP INC,IL
0001528985,"Inland Real Estate Income Trust, Inc.",IL
0001595627,"Inland Residential Properties Trust, Inc.",IL
0001070764,INLAND RETAIL REAL ESTATE TRUST INC,IL
0000812909,INLANDS MONTHLY INCOME FUND L P,IL
0000926866,INNKEEPERS USA TRUST/FL,FL
0000082473,INNSUITES HOSPITALITY TRUST,AZ
0001690012,"InPoint Commercial Real Estate Income, Inc.",IL
0001062508,INSIGNIA PROPERTIES TRUST /,CO
0001370434,"Institutional REIT, Inc.",GA
0001615407,"INTERNATIONAL MARKET CENTERS, INC.",NV
0001307748,InvenTrust Properties Corp.,IL
0001437071,Invesco Mortgage Capital Inc.,GA
0000939659,INVESTMENT INCOME PROPERTIES OF AMERICA INC,FL
0000798359,INVESTORS REAL ESTATE TRUST,ND
0000792014,INVG MORTGAGE SECURITIES CORP /DE/,NV
0001579471,Invitation Homes,TX
0000923284,IRC Retail Centers Inc,IL
0001020569,IRON MOUNTAIN INC,MA
0001612479,"Iron Mountain REIT, Inc.",MA
0001706350,"Iroquois Valley Farmland REIT, PBC",IL
0001073890,IRT PARTNERS L P,GA
0000311099,IRT PROPERTY CO,GA
0000912084,IRVINE APARTMENT COMMUNITIES INC,CA
0001038358,IRVINE APARTMENT COMMUNITIES L P,CA
0001095651,ISTAR INC.,NY
0001500451,J & P Realty Trust,CA
0001044211,JAMBOREE LLC,CA
0000914373,JAMESON INNS INC,GA
0001552890,JAVELIN MORTGAGE INVESTMENT CORP.,FL
0001689796,JBG SMITH Properties,MD
0000916836,JDN REALTY CORP,GA
0000889567,JEFFERSON FUTURES RESERVE I LP,NY
0001294017,JER Investors Trust Inc,VA
0001622353,"Jernigan Capital, Inc.",TN
0000053570,JMBRS LIQUIDATING TRUST,IL
0001033694,JOHN J CALI,NJ
0001020946,JOHNSON ELIZABETH PRINGLE,TX
0001314152,"Jones Lang LaSalle Income Property Trust, Inc.",IL
0000912080,JP REALTY INC,UT
0001631256,"KBS Growth & Income REIT, Inc.",CA
0001469822,"KBS Legacy Partners Apartment REIT, Inc.",CA
0001411059,"KBS Real Estate Investment Trust II, Inc.",CA
0001482430,"KBS Real Estate Investment Trust III, Inc.",CA
0001330622,"KBS Real Estate Investment Trust, Inc.",CA
0001580673,"KBS Strategic Opportunity REIT II, Inc.",CA
0001452936,"KBS Strategic Opportunity REIT, Inc.",CA
0000906113,KEYSTONE PROPERTY TRUST,PA
0001025996,KILROY REALTY CORP,CA
0001493976,"Kilroy Realty, L.P.",CA
0000879101,KIMCO REALTY CORP,NY
0000899757,KIMSOUTH REALTY INC,NY
0001113176,KINDER GELT L P,GA
0001286043,KITE REALTY GROUP TRUST,IN
0001636315,"Kite Realty Group, L.P.",IN
0001301508,KKR Financial Corp,CA
0001631596,KKR Real Estate Finance Trust Inc.,NY
0001098295,KLOOSTERMAN HAROLD J,
0001111205,KRAMONT REALTY TRUST,PA
0000889427,KRANZCO REALTY TRUST,PA
0000857264,KRUPP GOVERNMENT INCOME TRUST,MA
0000872467,KRUPP GOVERNMENT INCOME TRUST-II,MA
0001577670,Ladder Capital Corp,NY
0001090425,LAMAR ADVERTISING CO/NEW,LA
0001609474,Lamar Advertising REIT Co,LA
0000899045,LAMAR MEDIA CORP/DE,LA
0001347523,"Landmark Apartment Trust, Inc.",VA
0000831300,LANDSING PACIFIC FUND INC,CA
0001634141,"Landwin Realty Trust, Inc.",CA
0001342026,Landwin REIT Inc,CA
0001051611,LANE JEFFREY B,NJ
0001405740,"Lanier Capital REIT, Inc.",GA
0001053532,LaSalle Hotel Properties,MD
0001046099,LASER MORTGAGE MANAGEMENT INC,NY
0001490557,Legacy Healthcare Properties Trust Inc.,FL
0000822829,LEGEND PROPERTIES INC,FL
0000790877,LEPERCQ CORPORATE INCOME FUND L P,NY
0001052738,LESHOWITZ EDWARD,NJ
0001038903,LEVEY LEWIS A,
0000910108,LEXINGTON REALTY TRUST,NY
0001342262,Lexington Strategic Asset Corp,NY
0001038570,LEXREIT PROPERTIES INC,OH
0000060153,LIBERTE INVESTORS/,TX
0000921112,LIBERTY PROPERTY TRUST,PA
0000757642,LIF,CA
0000944314,"LIFE STORAGE, INC.",NY
0001450893,LIG ASSETS INC,TX
0001619312,Lightstone Real Estate Income Trust Inc.,NJ
0001436975,LIGHTSTONE VALUE PLUS REAL ESTATE INVESTMENT TRUST II INC,NJ
0001563756,"Lightstone Value Plus Real Estate Investment Trust III, Inc.",NJ
0001387061,"Lightstone Value Plus Real Estate Investment Trust V, Inc.",NJ
0001296884,"Lightstone Value Plus Real Estate Investment Trust, Inc.",NJ
0000350206,LNH REIT INC,MS
0001332719,LNR Capital CORP,FL
0001632172,"LoanCore Realty Trust, Inc.",CT
0001515966,"LODGECAP, INC.",TX
0001025758,LODGING TRUST USA,TN
0000887905,LTC PROPERTIES INC,CA
0001430972,Luminent LLC,PA
0001236309,LUMINENT MORTGAGE CAPITAL INC,CO
0000912242,MACERICH CO,CA
0000924901,MACK CALI REALTY CORP,NJ
0001067063,MACK CALI REALTY L P,NJ
0001055851,MACK DAVID S,
0001051613,MACK EARL I,NJ
0001055852,MACK FREDRIC H,NJ
0001051774,MACK WILLIAM L,
0001433453,"Madison Square Capital, Inc.",NY
0000914735,MALAN LIQUIDATING TRUST,MI
0001038900,MALKHASSIAN ALISON L,TX
0001080340,"MANHATTAN BRIDGE CAPITAL, INC",NY
0001065466,MAR MAR REALTY TRUST,NC
0001466501,Marathon Real Estate Mortgage Trust,NY
0000835712,MASTER REALTY PROPERTIES INC,MO
0000748580,MAXUS REALTY TRUST INC.,MO
0001664740,MBC FUNDING II CORP.,NY
0001088594,MCADAMS LLOYD,CA
0001654595,"Medalist Diversified REIT, Inc.",
0001616314,"MedEquities Realty Trust, Inc.",TN
0000803608,MEDICAL PROPERTIES INC,CA
0001287865,MEDICAL PROPERTIES TRUST INC,AL
0000774350,MEDITRUST,MA
0001029150,MENDIK CO INC,NY
0000858346,MEREDITH ENTERPRISES INC,CA
0000946637,MERIDIAN INDUSTRIAL TRUST INC,CA
0000703702,MERIDIAN POINT REALTY TRUST 83,CA
0000828957,MERIDIAN POINT REALTY TRUST VIII CO/MO,CA
0001012967,MERISTAR HOSPITALITY CORP,MD
0000350071,MERRY LAND & INVESTMENT CO INC,GA
0001097498,MERRY LAND CAPITAL TRUST,GA
0001072883,MERRY LAND LLC,IL
0001069546,MERRY LAND PROPERTIES INC,GA
0000846722,METRIC INCOME TRUST SERIES INC,CA
0001028198,METROPOLIS REALTY TRUST INC,NY
0001003951,METROPOLITAN REALTY CO LLC,MI
0000811516,METROPOLITAN REALTY CORP,MI
0001055160,"MFA FINANCIAL, INC.",NY
0001426111,"MFResidential Investments, Inc.",NY
0000068330,MGI PROPERTIES LIQUIDATING TRUST,MA
0001656936,MGM Growth Properties LLC,NV
0001691299,MGM Growth Properties Operating Partnership LP,NV
0000912595,MID AMERICA APARTMENT COMMUNITIES INC.,TN
0001051531,MID AMERICA CAPITAL PARTNERS L P,TN
0001055986,MID AMERICA FINANCE INC,DE
0001055999,MID AMERICA MORTGAGE TRUST 1998-1,IL
0000805057,MID AMERICA REALTY INVESTMENTS INC,NE
0000909298,MID ATLANTIC REALTY TRUST,MD
0001581776,"Mid-America Apartments, L.P.",TN
0000873781,MILLBURN CURRENCY FUND II LP,CT
0000890373,MILLBURN GLOBAL OPPORTUNITY FUND L P,CT
0000943487,MILLBURN WORLD RESOURCE TRUST,CT
0000914713,MILLS CORP,VA
0001142028,MILLS LIMITED PARTNERSHIP,VA
0000768680,MIP PROPERTIES INC,CA
0001067419,MISSION WEST PROPERTIES INC,CA
0000811533,ML FUTURES INVESTMENTS II LP,NY
0001669664,"MogulREIT I, LLC",CA
0001699573,"MogulREIT II, Inc.",CA
0001060256,MONARCH PROPERTIES INC,FL
0000067625,MONMOUTH REAL ESTATE INVESTMENT CORP,NJ
0001384710,"Monogram Residential Trust, Inc.",TX
0001424879,"Moody National REIT I, Inc.",TX
0001615222,"Moody National REIT II, Inc.",TX
0001524313,Morgan Properties Trust,PA
0000736999,MORGAN STANLEY CORNERSTONE FUND II L.P.,NY
0000737000,MORGAN STANLEY CORNERSTONE FUND III L.P.,NY
0000808373,MORGAN STANLEY CORNERSTONE FUND IV L.P.,NY
0000863535,MORGAN STANLEY DIVERSIFIED FUTURES FUND III L.P.,NY
0000854915,MORGAN STANLEY PRINCIPAL PLUS FUND L.P.,NY
0000914747,MORGAN STANLEY SMITH BARNEY CHARTER ASPECT L.P.,NY
0000925266,MORGAN STANLEY SMITH BARNEY SPECTRUM GLOBAL BALANCED LP,NY
0000873799,MORGAN STANLEY SMITH BARNEY SPECTRUM SELECT LP,NY
0000925263,MORGAN STANLEY SMITH BARNEY SPECTRUM STRATEGIC LP,NY
0001284151,"MortgageIT Holdings, Inc.",NY
0001204560,"MPG Office Trust, Inc.",CA
0001524607,"MPT Operating Partnership, L.P.",AL
0000740074,MSA REALTY CORP,IN
0001516973,MTGE Investment Corp.,MD
0001722266,"Multi-Housing Income REIT, Inc.",TX
0000068837,MULTIVEST REAL ESTATE FUND LTD SERIES I,FL
0000205671,MULTIVEST REAL ESTATE FUND LTD SERIES IV,FL
0000068841,MULTIVEST REAL ESTATE FUND LTD SERIES V,FL
0000068836,MULTIVEST REAL ESTATE FUND LTD SERIES VII,FL
0000766828,MUTUAL BENEFIT COMMERCIAL PROPERTIES INCOME PARTNERSHIP LP,RI
0001546609,"MVP REIT, Inc.",NV
0000881443,N TANDEM TRUST,CO
0001455650,N1 Liquidating Trust,CA
0000905897,NATIONAL GOLF PROPERTIES INC,CA
0000877860,NATIONAL HEALTH INVESTORS INC,TN
0001047334,NATIONAL HEALTH REALTY INC,TN
0000277577,NATIONAL INCOME REALTY TRUST,NY
0000751364,"NATIONAL RETAIL PROPERTIES, INC.",FL
0001618563,National Storage Affiliates Trust,CO
0000780053,"NATIONWIDE HEALTH PROPERTIES, LLC",KY
0001049551,NB CAPITAL CORP,NY
0001287286,NEW CENTURY FINANCIAL CORP,CA
0000071519,NEW PLAN REALTY TRUST,NY
0001556593,New Residential Investment Corp.,NY
0001515633,"New School Properties, Inc.",TX
0001610114,New Senior Investment Group Inc.,NY
0001595527,"New York City REIT, Inc.",NY
0001273685,NEW YORK MORTGAGE TRUST INC,NY
0001474464,New York REIT Liquidating LLC,MA
0001333578,"Newkirk Realty Trust, Inc.",MA
0001625115,"NexPoint Hospitality Trust, Inc.",TX
0001592745,"Nexpoint Multifamily Capital Trust, Inc.",TX
0001620393,"NexPoint Residential Trust, Inc.",TX
0001650588,"Nordic Realty Trust, Inc.",NY
0001448957,NorthEnd Income Property Trust Inc.,NY
0001503707,"NorthStar Healthcare Income, Inc.",NY
0001477747,"NorthStar Healthcare Investors, Inc.",NY
0001564657,"NorthStar Real Estate Income II, Inc.",NY
0001646587,NorthStar Realty Europe Corp.,NY
0001273801,NORTHSTAR REALTY FINANCE CORP.,NY
0001603671,"NorthStar/RXR New York Metro Real Estate, Inc.",NY
0000073078,NORTHWESTERN MUTUAL LIFE MORTGAGE & REALTY INVESTORS,WI
0001315007,NRFC Sub REIT Corp,NY
0000841942,NTS MORTGAGE INCOME FUND,KY
0001278384,NTS REALTY HOLDINGS LP,KY
0001051614,NUSSBAUM PAUL A,NJ
0001711799,"Nuveen Global Cities REIT, Inc.",NY
0001380391,NY CREDIT CORP.,NY
0001692725,"NY Residential REIT, LLC",NY
0001503993,"O'Donnell Strategic Industrial REIT, Inc.",CA
0001273216,OAK STREET FINANCIAL SERVICES INC,
0001713407,"OAKTREE REAL ESTATE INCOME TRUST, INC.",CA
0000910846,OASIS RESIDENTIAL INC,NV
0001033643,OCWEN ASSET INVESTMENT CORP,FL
0001020942,ODEN D KEITH,
0001139564,ODONOVAN DEANN,MI
0001639315,OHI Healthcare Properties Limited Partnership,MD
0000888491,OMEGA HEALTHCARE INVESTORS INC,MD
0000712770,ONE LIBERTY PROPERTIES INC,NY
0001618084,"OPC Residential Properties Trust, Inc.",CA
0001062675,OPPENHEIMER CAPITAL PRESERVATION FUND,CO
0000912395,OPPORTUNITY MANAGEMENT CO INC,WA
0001344479,"Orange REIT, Inc.",NJ
0001518621,"Orchid Island Capital, Inc.",FL
0001268039,ORIGEN FINANCIAL INC,MI
0001255819,ORION MULTIFAMILY INVESTMENT FUND INC,NY
0001579877,OUTFRONT Media Inc.,NY
0001657009,"Ovation Acquisition I, L.L.C.",TX
0001556364,"Owens Realty Mortgage, Inc.",CA
0000811100,OXFORD FUTURES FUND LTD,CO
0000912597,PACIFIC GULF PROPERTIES LIQUIDATING TRUST,MN
0000830748,"PACIFIC OFFICE PROPERTIES TRUST, INC.",HI
0000230437,PACIFIC REAL ESTATE INVESTMENT TRUST INC,CA
0000711393,PAINE WEBBER CMJ PROPERTIES LP,MA
0000705191,PAINE WEBBER GROWTH PROPERTIES LP,MA
0000714211,PAINE WEBBER INCOME PROPERTIES FIVE LTD PARTNERSHIP,MA
0000354884,PAINE WEBBER INCOME PROPERTIES FOUR LTD PARTNERSHIP,MA
0000756428,PAINE WEBBER QUALIFIED PLAN PROPERTY FUND FOUR LP,MA
0000724136,PAINE WEBBER QUALIFIED PLAN PROPERTY FUND THREE LP,MA
0000700913,PAINE WEBBER QUALIFIED PLAN PROPERTY FUND TWO LP,MA
0000766658,PAINEWEBBER EQUITY PARTNERS ONE LTD PARTNERSHIP,MA
0000722569,PAINEWEBBER GROWTH PROPERTIES TWO LP,MA
0000792888,PAINEWEBBER INCOME PROPERTIES EIGHT LTD PARTNERSHIP,MA
0000318016,PAINEWEBBER INCOME PROPERTIES THREE LTD PARTNERSHIP,MA
0000313044,PAINEWEBBER INCOME PROPERTIES TWO LTD PARTNERSHIP,MA
0001272430,PALADIN REALTY INCOME PROPERTIES INC,CA
0000075894,PALMETTO REAL ESTATE TRUST,SC
0001040454,PAN PACIFIC RETAIL PROPERTIES INC,CA
0000921744,PARAGON GROUP INC,TX
0001605607,"Paramount Group, Inc.",NY
0001020949,PARKER F GARDNER,
0001642985,"Parking REIT, Inc.",NV
0000729237,PARKWAY PROPERTIES INC,FL
0001677761,"Parkway, Inc.",TX
0000870739,PARTNERS PREFERRED YIELD II INC,CA
0000870871,PARTNERS PREFERRED YIELD III INC,CA
0000870825,PARTNERS PREFERRED YIELD INC,CA
0001466653,"Passco Apartment REIT, Inc.",CA
0000948085,PATRIOT AMERICAN HOSPITALITY INC,TX
0001073017,PAYNE PHILIP S,
0001474098,Pebblebrook Hotel Trust,MD
0000077281,PENNSYLVANIA REAL ESTATE INVESTMENT TRUST,PA
0001464423,PennyMac Mortgage Investment Trust,CA
0001314361,Peoples Choice Financial Corp,CA
0000314485,PEREGRINE REAL ESTATE TRUST,CA
0001436641,Petra Real Estate Opportunity Trust,NY
0001050686,PHILIPS INTERNATIONAL REALTY CORP,NY
0001476204,"Phillips Edison & Company, Inc.",OH
0001581405,"PHILLIPS EDISON GROCERY CENTER REIT II, INC.",OH
0001688016,"Phillips Edison Grocery Center REIT III, Inc.",OH
0001583994,Physicians Realty L.P.,WI
0001574540,Physicians Realty Trust,WI
0001569871,"PIA Farmland, Inc.",CA
0000928953,PILLARSTONE CAPITAL REIT,TX
0001742691,PIMCO Mortgage Income Trust Inc.,CA
0001517132,"PIMCO REIT, Inc.",CA
0001058986,PINNACLE HOLDINGS INC,FL
0000078838,PITTSBURGH & WEST VIRGINIA RAILROAD,NY
0001726676,"Platform Ventures Diversified Housing REIT, LLC",KS
0000849213,PLUM CREEK TIMBER CO INC,WA
0001296350,Plum Creek Timberlands L P,WA
0001515816,Plymouth Industrial REIT Inc.,MA
0001428555,"POINT ASSET MANAGEMENT, INC.",PA
0001597258,Polar Star Realty Trust Inc.,NY
0000903127,POST PROPERTIES INC,GA
0001759774,"Postal Realty Trust, Inc.",NY
0001338749,POTLATCHDELTIC CORP,WA
0001532619,Power REIT,NY
0001481832,PREFERRED APARTMENT COMMUNITIES INC,GA
0001011699,PRENTISS PROPERTIES TRUST/MD,TX
0000731245,PRESIDENTIAL REALTY CORP/DE/,NY
0001080657,"Presidio Property Trust, Inc.",CA
0001110441,PRESS REALTY ADVISORS,UT
0001748669,Priam Properties Inc.,TN
0001045334,PRICE DEVELOPMENT CO LP,UT
0000929647,PRICE LEGACY CORP,CA
0000878031,PRICE REIT INC,CA
0000852160,PRICE T ROWE RENAISSANCE FUND LTD,MD
0001047134,PRIME CAPITAL INVESTMENT CORP,IL
0001042798,PRIME GROUP REALTY TRUST,IL
0001459191,"Prime Realty Income Trust, Inc.",IL
0000911708,PRIME RETAIL INC/BD/,MD
0001692345,"PROCACCIANTI HOTEL REIT, INC.",RI
0000812192,PROFUTURES DIVERSIFIED FUND L P,TX
0000899881,PROLOGIS,CO
0001045609,"Prologis, Inc.",CA
0000080718,PROPERTY CAPITAL TRUST,MA
0001073973,PROPERTY CAPITAL TRUST INC,MA
0000765195,PROPERTY RESOURCES EQUITY TRUST,CA
0000790410,PROPERTY SECURED INVESTMENTS INC,TX
0001641124,Prospect Realty Income Trust Corp.,NY
0001300956,PROVIDENT SENIOR LIVING TRUST,NJ
0000757191,PRUDENTIAL BACHE EQUITEC REAL ESTATE PARTNERSHIP,NY
0000771641,PRUDENTIAL REALTY TRUST,NJ
0000870576,PS BUSINESS PARKS INC,CA
0000866368,PS BUSINESS PARKS INC/CA,CA
0000773281,PS PARTNERS VI LTD,CA
0001393311,Public Storage,CA
0000318380,PUBLIC STORAGE INC /CA,CA
0000869795,PUBLIC STORAGE PROPERTIES XII INC,CA
0000869624,PUBLIC STORAGE PROPERTIES XIV INC,CA
0000870905,PUBLIC STORAGE PROPERTIES XIX INC,CA
0000870499,PUBLIC STORAGE PROPERTIES XV INC,CA
0000870179,PUBLIC STORAGE PROPERTIES XVI INC,CA
0000869805,PUBLIC STORAGE PROPERTIES XVII INC,CA
0000870376,PUBLIC STORAGE PROPERTIES XVIII INC,CA
0000870541,PUBLIC STORAGE PROPERTIES XX INC,GA
0001517595,Putnam Mortgage Opportunities Co,MA
0001477612,"Pyramid Hotels & Resorts, Inc.",MA
0001642223,"QMC Systems, Inc.",OR
0001577368,"QTS Realty Trust, Inc.",KS
0001380501,"Quadra Realty Trust, Inc.",NY
0001677203,"QUALITY CARE PROPERTIES, INC.",MD
0001561164,"QualityTech, LP",KS
0001721469,"RAD Diversified REIT, Inc.",FL
0001045425,RAIT Financial Trust,PA
0001715629,"Rangers Sub I, LLC",MD
0000052827,RAYONIER INC,FL
0001400058,Rayonier TRS Holdings Inc.,FL
0000773652,RCPI TRUST /DE/,NY
0001527590,Ready Capital Corp,NY
0000311157,REAL ESTATE FUND INVESTMENT TRUST,SC
0000082373,REAL ESTATE INVESTMENT TRUST OF MARYLAND,CA
0000312982,REALMARK PROPERTY INVESTORS LIMITED PARTNERSHIP,NY
0000822783,REALMARK PROPERTY INVESTORS LIMITED PARTNERSHIP VI-A,NY
0000822784,REALMARK PROPERTY INVESTORS LIMITED PARTNERSHIP VI-B,NY
0000704165,REALMARK PROPERTY INVESTORS LTD PARTNERSHIP II,NY
0000733591,REALMARK PROPERTY INVESTORS LTD PARTNERSHIP III,NY
0000790067,REALMARK PROPERTY INVESTORS LTD PARTNERSHIP V,NY
0000763698,REALMARK PROPERTY INVESTORS LTD PARTNERSHIP-IV,NY
0000726728,REALTY INCOME CORP,CA
0000930548,RECKSON ASSOCIATES REALTY CORP,NY
0000930810,RECKSON OPERATING PARTNERSHIP LP,NY
0001523211,Red Stone Tax Exempt Partners LP,NY
0000930236,REDWOOD TRUST INC,CA
0001056681,REED STEPHANIE A,GA
0000910606,REGENCY CENTERS CORP,FL
0001697416,"Regional Health Properties,Inc.",GA
0001052739,REID IRVIN D,
0000810836,"REIT AMERICAS, INC.",AZ
0001742092,Reitless Impact Income Strategies LLC,UT
0001764460,REITless Impact Opportunity Zone Strategies LLC,UT
0001717023,"Reliance Real Estate Trust, LLC",NY
0001335686,Republic Property Trust,DC
0000837336,RESORT INCOME INVESTORS INC,IL
0001652926,"Resource Apartment REIT III, Inc.",PA
0001614502,"Resource Income Opportunity REIT, Inc.",PA
0001559484,"Resource Real Estate Opportunity REIT II, Inc.",PA
0001466225,"Resource Real Estate Opportunity REIT, Inc.",PA
0000789987,RESOURCES PENSION SHARES 5 LP,MA
0001648777,"Retail Credit Property Trust, Inc.",NY
0001407623,RETAIL OPPORTUNITY INVESTMENTS CORP,CA
0001577230,"Retail Opportunity Investments Partnership, LP",CA
0001222840,"RETAIL PROPERTIES OF AMERICA, INC.",IL
0001487670,"Reunion Hospitality Trust, Inc.",NY
0001487782,"Reven Housing REIT, Inc.",CA
0001600343,Reverse Mortgage Investment Trust Inc.,NJ
0001571283,"Rexford Industrial Realty, Inc.",CA
0001500237,Rexit Inc.,NY
0000906408,RFS HOTEL INVESTORS INC,TN
0001571082,"RHP Hotel Properties, LP",TN
0001672754,Rich Uncles Real Estate Investment Trust I,CA
0001498345,Richmond Honan Medical Properties Inc.,GA
0001640967,Rise Companies Corp,DC
0001635369,"RiverBanc Multifamily Investors, Inc.",NC
0001511337,RLJ Lodging Trust,MD
0001570741,RMB Fund 1. LLc,NV
0001051718,RMX REIT INC,WA
0000906325,ROC COMMUNITIES INC,CO
0001666244,"RODIN GLOBAL PROPERTY TRUST, INC.",NY
0001664780,"RODIN INCOME TRUST, INC.",NY
0001262992,ROHM ERIC S,NC
0000842183,RPT Realty,NY
0001542447,"RREEF Property Trust, Inc.",NY
0001645873,"RW HOLDINGS NNN REIT, INC.",CA
0000740963,RYAN MORTGAGE ACCEPTANCE CORP IV,PA
0000835669,RYMAC MORTGAGE INVESTMENT CORP,OH
0001040829,"Ryman Hospitality Properties, Inc.",TN
0001509806,Sabra Health Care Limited Partnership,CA
0001492298,"Sabra Health Care REIT, Inc.",CA
0001682220,Sachem Capital Corp.,CT
0001174166,SANDALWOOD LODGING INVESTMENT CORP,MD
0000907254,SAUL CENTERS INC,MD
0001279493,SAXON CAPITAL INC,VA
0001034054,SBA COMMUNICATIONS CORP,FL
0001685934,SBA Communications REIT Corp,FL
0001490626,SC Merger Sub LLC,MA
0001507408,"Schottenstein Realty Trust, Inc.",OH
0000867247,SECTOR STRATEGY FUND II LP,NY
0000862525,SECTOR STRATEGY FUND L P,NY
0000890015,SECTOR STRATEGY FUND V LP,NY
0000904364,SECTOR STRATEGY FUND VI LP,NY
0000924664,SECURITY CAPITAL ATLANTIC INC,TX
0001013705,SECURITY CAPITAL U S REALTY,N4
0001743305,Seed Equity Properties LLC,CO
0001566147,"Seer Mortgage Capital, Inc.",
0001537667,SELECT INCOME REIT,MA
0000812914,SEMELE GROUP INC,CT
0001475269,SENIOR CARE COMMUNITIES TRUST INC,CA
0001075415,SENIOR HOUSING PROPERTIES TRUST,MA
0001378774,Sentio Healthcare Properties Inc,FL
0000811078,SHEARSON LEHMAN SELECT ADVISORS FUTURES FUND L P,NY
0000924875,SHEARSON MID WEST FUTURES FUND,NY
0001106036,SHELBOURNE I Liquidating Trust,MA
0001106037,SHELBOURNE II Liquidating Trust,MA
0001106038,SHELBOURNE PROPERTIES III INC,MA
0001382134,"Shopoff Properties Trust, Inc.",CA
0000906933,SHURGARD STORAGE CENTERS INC,WA
0000733594,SIERRA REAL ESTATE EQUITY TRUST 84 CO,CA
0001256069,SIGNATURE OFFICE REIT INC,GA
0001557255,Silver Bay Realty Trust Corp.,A6
0001063761,SIMON PROPERTY GROUP INC /DE/,IN
0001022344,SIMON PROPERTY GROUP L P /DE/,IN
0001003023,SIMON PROPERTY GROUP LP,IN
0000894315,SITE Centers Corp.,OH
0000805419,SIZELER PROPERTY INVESTORS INC,LA
0001295499,"SKB REIT, Inc.",OR
0001492869,"SL GREEN OPERATING PARTNERSHIP, L.P.",NY
0001040971,SL GREEN REALTY CORP,NY
0001410567,"SmartStop Self Storage, Inc.",CA
0000944697,SMITH BARNEY PRINCIPAL PLUS FUTURES FUND LP,NY
0001005335,SMITH BARNEY PRINCIPAL PLUS FUTURES FUND LP II,NY
0000919004,SMITH CHARLES E RESIDENTIAL REALTY INC,VA
0001139983,SNH CAPITAL TRUST I,MA
0001301236,Sotherly Hotels Inc.,VA
0001457653,"SOUTHERN CROSS RESOURCES GROUP, INC",IL
0001164741,SOVEREIGN REAL ESTATE INVESTMENT TRUST,DE
0001062565,SPECIALTY TRUST INC,NV
0000912564,SPG PROPERTIES INC/MD/,IN
0001067173,SPG REALTY CONSULTANTS INC,IN
0000911361,SPIEKER PROPERTIES INC,CA
0001002575,SPIEKER PROPERTIES L P,CA
0001722992,Spirit MTA REIT,TX
0001277406,"SPIRIT REALTY CAPITAL, INC.",AZ
0001520276,Springleaf REIT Inc.,NY
0001479094,"STAG Industrial, Inc.",MA
0000831972,STARWOOD FINANCIAL TRUST,NY
0000048595,STARWOOD HOTELS & RESORTS,NY
0001465128,"STARWOOD PROPERTY TRUST, INC.",CT
0001711929,"Starwood Real Estate Income Trust, Inc.",FL
0001651286,"Steadfast Apartment REIT III, Inc.",CA
0001585219,"Steadfast Apartment REIT, Inc.",CA
0001468010,"Steadfast Income REIT, Inc.",CA
0001412502,Sterling Real Estate Trust,ND
0001735770,"Steward Realty Trust, Inc.",LA
0001020947,STEWART H MALCOLM,
0000839477,STORAGE PROPERTIES INC,CA
0000928735,STORAGE TRUST REALTY,MO
0000912116,STORAGE USA INC,TN
0001538990,STORE CAPITAL Corp,AZ
0001057436,"STRATEGIC HOTELS & RESORTS, INC",IL
0001446371,"Strategic Realty Trust, Inc.",CA
0001575428,"Strategic Storage Growth Trust, Inc.",CA
0001585389,"Strategic Storage Trust II, Inc.",CA
0001680232,"Strategic Storage Trust IV, Inc.",CA
0001698538,"Strategic Student & Senior Housing Trust, Inc.",CA
0001062013,STRATEGIC TIMBER TRUST INC,NH
0001310383,"Summit Healthcare REIT, Inc",CA
0001497612,"Summit Hotel OP, LP",TX
0001497645,"Summit Hotel Properties, Inc.",TX
0000915773,SUMMIT PROPERTIES INC,NC
0000912593,SUN COMMUNITIES INC,MI
0000923860,SUNNYLAND HOLDINGS CORP,VA
0000930600,SUNSTONE HOTEL INVESTORS INC,CA
0001011991,SUSA PARTNERSHIP LP,TN
0001456906,Sutherland Asset Management Corp,NY
0001328091,TABERNA REALTY FINANCE TRUST,PA
0001426011,TALON REAL ESTATE HOLDING CORP.,MN
0000899715,TANGER FACTORY OUTLET CENTERS INC,NC
0001004036,TANGER PROPERTIES LTD PARTNERSHIP /NC/,NC
0001038217,TARRAGON CORP,TX
0000890319,TAUBMAN CENTERS INC,MI
0000850401,TCW GROUP INC,CA
0001530775,"Terra Fixed Income Trust, Inc.",NY
0001581874,"Terra Secured Income Fund 5, LLC",NY
0001332896,"TH Merger Company, LLC",KY
0001389826,"TIAA-CREF U.S. Real Estate Fund I, L.P.",NY
0001176373,TIER REIT INC,TX
0001057055,TIMBERLAND GROWTH CORP,WA
0000833088,TIS MORTGAGE INVESTMENT CO,CA
0001339921,TMSF REIT INC.,CA
0000892535,"TMST, Inc.",NM
0001037711,TOWER REALTY TRUST INC,NY
0000906110,TOWN & COUNTRY TRUST,MD
0001630472,"TPG RE Finance Trust, Inc.",CA
0001299901,"Trade Street Residential, Inc.",FL
0000099235,TRANSCO REALTY TRUST,FL
0000733590,TRANSCONTINENTAL REALTY INVESTORS INC,TX
0001469071,"Transwestern Realty Finance, Inc.",IL
0001708405,Tremont Mortgage Trust,MA
0000899162,TRINET CORPORATE REALTY TRUST INC,CA
0000908257,TUCKER PROPERTIES CORP,IL
0001704303,"Tulsa Real Estate Fund, LLC",GA
0001465740,TWO HARBORS INVESTMENT CORP.,MN
0000074208,"UDR, Inc.",CO
0001144132,UIRT HOLDINGS CORP,TX
0000752642,"UMH PROPERTIES, INC.",NJ
0001099952,UNIBAIL,I0
0001000161,UNION PROPERTY INVESTORS INC,FL
0001591330,UNITED DEVELOPMENT FUNDING INCOME FUND V,TX
0001440292,United Development Funding IV,TX
0001018254,UNITED DOMINION REALTY L P,CO
0001646036,"United Group Fund, Inc",FL
0000868196,UNITED INVESTORS REALTY TRUST,TX
0000101390,UNITED MORTGAGE TRUST,TX
0001620280,Uniti Group Inc.,AR
0000798783,UNIVERSAL HEALTH REALTY INCOME TRUST,PA
0000907077,URBAN SHOPPING CENTERS INC,IL
0001029800,URSTADT BIDDLE PROPERTIES INC,CT
0001490872,US Federal Properties Trust Inc.,MO
0000803771,USA REAL ESTATE INVESTMENT TRUST /CA,CA
0000102438,USP REAL ESTATE INVESTMENT TRUST,IA
0000079259,VALUE PROPERTY TRUST,NJ
0000801124,VANGUARD REAL ESTATE FUND I /MA/,PA
0000823488,VANGUARD REAL ESTATE FUND II,PA
0001471397,"Velocity Commercial Capital, Inc.",CA
0001043956,Ventas Capital Corp,KY
0000740260,VENTAS INC,IL
0001174174,VENTAS REALTY LIMITED PARTNERSHIP,KY
0001478692,Verde Realty,TX
0001528059,"VEREIT Operating Partnership, L.P.",AZ
0001507385,"VEREIT, Inc.",AZ
0001328300,"Vestin Realty Mortgage I, Inc.",NV
0001327603,"Vestin Realty Mortgage II, Inc",NV
0001705696,VICI PROPERTIES INC.,NY
0001012495,VININGS INVESTMENT PROPERTIES TRUST,GA
0000759174,VININGS INVESTMENT PROPERTIES TRUST/GA,GA
0000023593,VINLAND PROPERTY TRUST,TX
0001323440,Vintage Wine Trust Inc,CA
0001113305,VIP MANAGEMENT LLC,GA
0001050080,VORNADO OPERATING CO,NY
0001040765,VORNADO REALTY LP,NJ
0000899689,VORNADO REALTY TRUST,NY
0001025378,W. P. Carey Inc.,NY
0001545406,W. P. Carey Inc. /MD/,NY
0000916530,W2007 Grace Acquisition I Inc,TX
0001188382,WACHOVIA PREFERRED FUNDING CORP,MN
0000913280,WALDEN RESIDENTIAL PROPERTIES INC,TX
0001594686,WASHINGTON PRIME GROUP INC.,OH
0001610911,"Washington Prime Group, L.P.",OH
0000104894,WASHINGTON REAL ESTATE INVESTMENT TRUST,DC
0000085942,WATERMARK INVESTORS REALTY TRUST,NC
0001056680,WATTS CLIFFORD K,GA
0001056679,WATTS GILBERT H JR,GA
0001572557,"Waypoint Homes Realty Trust, Inc.",CA
0001674250,"Wealthstake Net Lease Properties I, Inc.",CA
0001047865,WEBSTER PREFERRED CAPITAL CORP,CT
0000925558,WEEKS CORP,GA
0000828916,WEINGARTEN REALTY INVESTORS /TX/,TX
0001616093,Wells Fargo Real Estate Investment Corp.,MN
0001398460,"Wells Total Return REIT, Inc.",GA
0001210036,WELLSTONE COMMUNITIES INC,GA
0000766704,WELLTOWER INC.,OH
0001484830,"Welsh Property Trust, Inc.",MN
0001549320,"West Coast Realty Trust, Inc.",CA
0001465885,Western Asset Mortgage Capital Corp,CA
0000812025,WESTERN FUTURES FUND,IL
0000106135,WESTERN PROPERTIES TRUST,CA
0000913283,WESTFIELD AMERICA INC,CA
0000106535,WEYERHAEUSER CO,WA
0001527541,"Wheeler Real Estate Investment Trust, Inc.",VA
0001175535,Whitestone REIT,TX
0001490653,"Whitestone REIT Operating Partnership, L.P.",TX
0001073015,WILKERSON D SCOTT,
0001173942,WINDROSE MEDICAL PROPERTIES TRUST,IN
0000920605,WINSTON HOTELS INC,NC
0000037008,Winthrop Realty Liquidating Trust,MA
0000832350,WITTER DEAN MULTI MARKET PORTFOLIO L P,NY
0000841754,WITTER DEAN PRINCIPAL GUARANTEED FUND II LP,NY
0000895239,WITTER DEAN WORLD CURRENCY FUND L P,NY
0001710394,Workspace Property Trust,PA
0001055780,WRAY GEORGE W JR,GA
0001087396,ZUCKERBERG ROY J,
